nome,valor,area,largura,comprimento,x,y
A1,800,32,2,16,0,19
A3,2520,252,14,18,2,17
A5,1700,68,4,17,16,18
A7,1710,114,6,19,20,16
A9,2080,208,13,16,26,19
A11,4200,280,14,20,39,15
A13,1800,180,10,18,53,17
A15,1900,76,4,19,63,16
A17,300,20,1,20,67,15
A19,3200,160,10,16,68,19
A21,4125,165,11,15,78,20
A23,2400,120,6,20,89,15
A25,1200,120,6,20,95,15
A27,3960,198,11,18,101,17
A29,960,48,3,16,112,19
A31,0,0,0,18,115,17
A33,4800,240,15,16,115,19
A35,1120,112,7,16,130,19
A37,1995,133,7,19,137,16
A39,4275,285,15,19,144,16
A41,2520,126,7,18,159,17
A43,2400,96,6,16,166,19
A45,4125,165,11,15,172,20
A47,3000,300,15,20,183,15
A49,4675,187,11,17,198,18
A51,5200,208,13,16,209,19
A53,800,32,2,16,222,19
A55,3135,209,11,19,224,16
A57,3570,238,14,17,235,18
A59,3240,162,9,18,249,17
A61,1140,76,4,19,258,16
A63,2210,221,13,17,262,18
A65,4560,228,12,19,275,16
A67,2200,220,11,20,287,15
A69,2250,90,5,18,298,17
A71,0,0,0,17,303,18
A73,4940,247,13,19,303,16
A75,2040,136,8,17,316,18
A77,4050,162,9,18,324,17
A79,4320,216,12,18,333,17
A81,285,19,1,19,345,16
A83,4675,187,11,17,346,18
A85,2600,260,13,20,357,15
A87,475,19,1,19,370,16
A89,900,60,3,20,371,15
A91,760,38,2,19,374,16
A93,570,57,3,19,376,16
A95,2000,200,10,20,379,15
A97,900,90,5,18,389,17
A99,3520,176,11,16,394,19
A101,1900,76,4,19,405,16
A103,1800,120,6,20,409,15
A105,2040,136,8,17,415,18
A107,3500,140,7,20,423,15
A109,150,15,1,15,430,20
A111,240,16,1,16,431,19
A113,2470,247,13,19,432,16
A115,4400,176,11,16,445,19
A117,0,0,0,15,456,20
A119,1280,64,4,16,456,19
A121,2660,266,14,19,460,16
A123,4200,280,14,20,474,15
A125,4480,224,14,16,488,19
A127,3200,160,8,20,502,15
A129,3375,135,9,15,510,20
A131,2550,255,15,17,519,18
A133,3750,150,10,15,534,20
A135,225,15,1,15,544,20
A137,6175,247,13,19,545,16
A139,1275,51,3,17,558,18
A141,1440,72,4,18,561,17
A143,2400,240,12,20,565,15
A145,2040,204,12,17,577,18
A147,2800,140,7,20,589,15
A149,540,36,2,18,596,17
A151,0,0,0,16,598,19
A153,1600,64,4,16,598,19
A155,960,96,6,16,602,19
A157,2660,266,14,19,608,16
A159,3840,192,12,16,622,19
A161,7000,280,14,20,634,15
A163,2700,180,12,15,648,20
A165,2375,95,5,19,660,16
A167,255,17,1,17,665,18
A169,5400,216,12,18,666,17
A171,900,90,6,15,678,20
A173,4050,162,9,18,684,17
A175,340,34,2,17,693,18
A177,6650,266,14,19,695,16
A179,2240,112,7,16,709,19
A181,2400,120,6,20,716,15
A183,1350,90,5,18,722,17
A185,1125,45,3,15,727,20
A187,375,15,1,15,730,20
A189,4800,192,12,16,731,19
A191,360,18,1,18,743,17
A193,1275,51,3,17,744,18
A195,1500,60,3,20,747,15
B1,650,26,1,26,0,40
B3,4800,192,8,24,1,40
B5,960,96,4,24,9,40
B7,5500,220,10,22,13,40
B9,2500,100,4,25,23,40
B11,960,48,2,24,27,40
B13,4950,198,9,22,29,40
B15,2750,275,11,25,38,40
B17,4025,161,7,23,49,40
B19,260,26,1,26,56,40
B21,4680,234,9,26,57,40
B23,4140,276,12,23,66,40
B25,1100,110,5,22,78,40
B27,1575,105,5,21,83,40
B29,2080,208,8,26,88,40
B31,2310,154,7,22,96,40
B33,3300,330,15,22,103,40
B35,460,23,1,23,118,40
B37,4485,299,13,23,119,40
B39,0,0,0,26,132,40
B41,2500,125,5,25,132,40
B43,2760,184,8,23,137,40
B45,1260,126,6,21,145,40
B47,0,0,0,25,151,40
B49,690,46,2,23,151,40
B51,7150,286,13,22,153,40
B53,3900,260,10,26,166,40
B55,3750,150,6,25,176,40
B57,1680,168,7,24,182,40
B59,4830,322,14,23,189,40
B61,2520,252,12,21,203,40
B63,0,0,0,25,215,40
B65,3240,216,9,24,215,40
B67,3240,216,9,24,224,40
B69,630,63,3,21,233,40
B71,2080,104,4,26,236,40
B73,2880,192,8,24,240,40
B75,780,78,3,26,248,40
B77,1875,125,5,25,251,40
B79,375,25,1,25,256,40
B81,4410,294,14,21,257,40
B83,3750,375,15,25,271,40
B85,6240,312,12,26,286,40
B87,2880,192,8,24,298,40
B89,1040,104,4,26,306,40
B91,2200,110,5,22,310,40
B93,2200,220,10,22,315,40
B95,3900,156,6,26,325,40
B97,1050,42,2,21,331,40
B99,390,26,1,26,333,40
B101,1875,125,5,25,334,40
B103,8125,325,13,25,339,40
B105,750,50,2,25,352,40
B107,3600,240,10,24,354,40
B109,2415,161,7,23,364,40
B111,2860,286,13,22,371,40
B113,1300,130,5,26,384,40
B115,440,22,1,22,389,40
B117,3850,154,7,22,390,40
B119,880,44,2,22,397,40
B121,5775,231,11,21,399,40
B123,1800,72,3,24,410,40
B125,780,52,2,26,413,40
B127,960,48,2,24,415,40
B129,4600,230,10,23,417,40
B131,2340,156,6,26,427,40
B133,0,0,0,26,433,40
B135,2070,207,9,23,433,40
B137,4620,308,14,22,442,40
B139,3630,242,11,22,456,40
B141,3750,375,15,25,467,40
B143,7150,286,13,22,482,40
B145,1040,52,2,26,495,40
B147,6160,308,14,22,497,40
B149,4800,192,8,24,511,40
B151,8625,345,15,23,519,40
B153,5850,390,15,26,534,40
B155,4290,286,11,26,549,40
B157,9375,375,15,25,560,40
B159,2990,299,13,23,575,40
B161,5625,375,15,25,588,40
B163,6720,336,14,24,603,40
B165,3120,312,13,24,617,40
B167,500,50,2,25,630,40
B169,3520,176,8,22,632,40
B171,1300,52,2,26,640,40
B173,1760,176,8,22,642,40
B175,4140,276,12,23,650,40
B177,525,21,1,21,662,40
B179,990,66,3,22,663,40
B181,4950,198,9,22,666,40
B183,2760,138,6,23,675,40
B185,5850,234,9,26,681,40
B187,4200,168,8,21,690,40
B189,230,23,1,23,698,40
B191,8125,325,13,25,699,40
B193,1170,78,3,26,712,40
B195,2000,100,4,25,715,40
B197,5520,276,12,23,719,40
B199,4375,175,7,25,731,40
B201,480,24,1,24,738,40
B203,4400,220,10,22,739,40
B205,390,26,1,26,749,40
C1,1620,81,3,27,0,84
C3,1740,116,4,29,3,82
C5,8100,324,12,27,7,84
C7,4050,405,15,27,19,84
C9,2880,144,6,24,34,87
C11,560,28,1,28,40,83
C13,700,28,1,28,41,83
C15,2800,140,5,28,42,83
C17,270,27,1,27,47,84
C19,2080,104,4,26,48,85
C21,4290,286,11,26,52,85
C23,2900,290,10,29,63,82
C25,260,26,1,26,73,85
C27,750,75,3,25,74,86
C29,2700,270,10,27,77,84
C31,1820,182,7,26,87,85
C33,7800,390,15,26,94,85
C35,1120,112,4,28,109,83
C37,3920,392,14,28,113,83
C39,1200,48,2,24,127,87
C41,6600,264,11,24,129,87
C43,8450,338,13,26,140,85
C45,8400,336,12,28,153,83
C47,6300,420,15,28,165,83
C49,6750,270,10,27,180,84
C51,2520,252,9,28,190,83
C53,580,29,1,29,199,82
C55,1620,81,3,27,200,84
C57,4860,324,12,27,203,84
C59,0,0,0,25,215,86
C61,4375,175,7,25,215,86
C63,3645,243,9,27,222,84
C65,360,24,1,24,231,87
C67,4160,208,8,26,232,85
C69,2000,100,4,25,240,86
C71,580,58,2,29,244,82
C73,7020,351,13,27,246,84
C75,0,0,0,25,259,86
C77,560,28,1,28,259,83
C79,6380,319,11,29,260,82
C81,1215,81,3,27,271,84
C83,8400,336,12,28,274,83
C85,2025,81,3,27,286,84
C87,3780,378,14,27,289,84
C89,3250,325,13,25,303,86
C91,3600,360,15,24,316,87
C93,6500,325,13,25,331,86
C95,5850,390,15,26,344,85
C97,8120,406,14,29,359,82
C99,5200,260,10,26,373,85
C101,1920,192,8,24,383,87
C103,7800,312,12,26,391,85
C105,2000,100,4,25,403,86
C107,6750,270,10,27,407,84
C109,3045,203,7,29,417,82
C111,4800,240,10,24,424,87
C113,5500,275,11,25,434,86
C115,5220,348,12,29,445,82
C117,720,48,2,24,457,87
C119,1080,72,3,24,459,87
C121,2700,135,5,27,462,84
C123,3780,252,9,28,467,83
C125,1950,78,3,26,476,85
C127,1450,145,5,29,479,82
C129,5760,288,12,24,484,87
C131,6000,300,12,25,496,86
C133,1450,145,5,29,508,82
C135,1305,87,3,29,513,82
C137,5200,260,10,26,516,85
C139,4680,312,13,24,526,87
C141,1450,58,2,29,539,82
C143,2000,100,4,25,541,86
C145,1300,52,2,26,545,85
C147,3240,324,12,27,547,84
C149,0,0,0,25,559,86
C151,3240,324,12,27,559,84
C153,3600,144,6,24,571,87
C155,8100,324,12,27,577,84
C157,4680,312,12,26,589,85
C159,1125,75,3,25,601,86
C161,8100,405,15,27,604,84
C163,2160,216,9,24,619,87
C165,3360,168,6,28,628,83
C167,9100,364,14,26,634,85
C169,5720,286,11,26,648,85
C171,6380,319,11,29,659,82
C173,4320,216,8,27,670,84
C175,5625,375,15,25,678,86
C177,5655,377,13,29,693,82
C179,6160,308,11,28,706,83
C181,6720,336,12,28,717,83
C183,580,29,1,29,729,82
C185,1440,144,6,24,730,87
C187,5280,264,11,24,736,87
C189,2100,84,3,28,747,83
D1,7000,280,10,28,0,116
D3,9100,364,14,26,10,116
D5,5040,336,12,28,24,116
D7,1800,180,6,30,36,116
D9,3920,196,7,28,42,116
D11,6000,240,8,30,49,116
D13,1800,180,6,30,57,116
D15,7200,360,12,30,63,116
D17,4050,270,10,27,75,116
D19,4550,182,7,26,85,116
D21,1860,124,4,31,92,116
D23,6600,330,11,30,96,116
D25,4290,286,11,26,107,116
D27,5400,216,8,27,118,116
D29,8400,420,15,28,126,116
D31,3750,150,5,30,141,116
D33,5040,336,12,28,146,116
D35,3120,208,8,26,158,116
D37,2025,135,5,27,166,116
D39,2900,116,4,29,171,116
D41,2700,180,6,30,175,116
D43,9425,377,13,29,181,116
D45,3600,360,12,30,194,116
D47,1450,58,2,29,206,116
D49,3720,186,6,31,208,116
D51,5580,372,12,31,214,116
D53,3380,338,13,26,226,116
D55,8400,336,12,28,239,116
D57,870,87,3,29,251,116
D59,5250,210,7,30,254,116
D61,6075,243,9,27,261,116
D63,900,90,3,30,270,116
D65,6045,403,13,31,273,116
D67,5850,234,9,26,286,116
D69,5250,210,7,30,295,116
D71,7280,364,13,28,302,116
D73,2790,186,6,31,315,116
D75,810,54,2,27,321,116
D77,1890,189,7,27,323,116
D79,3360,168,6,28,330,116
D81,3360,224,8,28,336,116
D83,560,56,2,28,344,116
D85,1240,62,2,31,346,116
D87,3900,260,10,26,348,116
D89,270,27,1,27,358,116
D91,5040,336,12,28,359,116
D93,4500,450,15,30,371,116
D95,840,56,2,28,386,116
D97,6525,261,9,29,388,116
D99,7000,280,10,28,397,116
D101,1040,52,2,26,407,116
D103,3240,324,12,27,409,116
D105,6510,434,14,31,421,116
D107,5600,280,10,28,435,116
D109,4800,240,8,30,445,116
D111,2600,260,10,26,453,116
D113,1800,180,6,30,463,116
D115,775,31,1,31,469,116
D117,0,0,0,26,470,116
D119,4640,232,8,29,470,116
D121,4500,300,10,30,478,116
D123,9300,465,15,31,488,116
D125,1350,90,3,30,503,116
D127,6380,319,11,29,506,116
D129,7800,390,13,30,517,116
D131,10150,406,14,29,530,116
D133,2100,84,3,28,544,116
D135,3900,260,10,26,547,116
D137,3480,174,6,29,557,116
D139,3250,130,5,26,563,116
D141,2610,261,9,29,568,116
D143,5460,364,14,26,577,116
D145,4050,270,10,27,591,116
D147,1160,58,2,29,601,116
D149,1740,87,3,29,603,116
D151,4620,308,11,28,606,116
D153,5040,336,12,28,617,116
D155,8250,330,11,30,629,116
D157,1305,87,3,29,640,116
D159,2700,180,6,30,643,116
D161,3250,130,5,26,649,116
D163,2790,279,9,31,654,116
D165,810,81,3,27,663,116
D167,0,0,0,26,666,116
D169,540,27,1,27,666,116
D171,6720,336,12,28,667,116
D173,4900,196,7,28,679,116
D175,780,78,3,26,686,116
D177,5400,216,8,27,689,116
D179,2800,112,4,28,697,116
D181,2030,203,7,29,701,116
D183,3900,260,10,26,708,116
D185,4900,196,7,28,718,116
D187,5220,261,9,29,725,116
D189,3640,182,7,26,734,116
D191,0,0,0,28,741,116
D193,290,29,1,29,741,116
D195,2080,208,8,26,742,116
E1,5040,336,14,24,0,163
E3,690,46,2,23,14,164
E5,1980,132,6,22,16,165
E7,1150,46,2,23,22,164
E9,3220,161,7,23,24,164
E11,8775,351,13,27,31,160
E13,5175,207,9,23,44,164
E15,270,27,1,27,53,160
E17,0,0,0,23,54,164
E19,2310,154,7,22,54,165
E21,6720,336,14,24,61,163
E23,2160,216,8,27,75,160
E25,3640,182,7,26,83,161
E27,2760,276,12,23,90,164
E29,3220,161,7,23,102,164
E31,720,48,2,24,109,163
E33,2080,208,8,26,111,161
E35,1875,75,3,25,119,162
E37,4800,240,10,24,122,163
E39,1080,72,3,24,132,163
E41,1125,75,3,25,135,162
E43,540,27,1,27,138,160
E45,6050,242,11,22,139,165
E47,3300,132,6,22,150,165
E49,4550,182,7,26,156,161
E51,5670,378,14,27,163,160
E53,7200,288,12,24,177,163
E55,5250,350,14,25,189,162
E57,4400,176,8,22,203,165
E59,3250,130,5,26,211,161
E61,0,0,0,27,216,160
E63,0,0,0,22,216,165
E65,390,26,1,26,216,161
E67,7800,390,15,26,217,161
E69,720,72,3,24,232,163
E71,2250,225,9,25,235,162
E73,880,44,2,22,244,165
E75,2400,240,10,24,246,163
E77,1980,198,9,22,256,165
E79,6750,270,10,27,265,160
E81,540,27,1,27,275,160
E83,0,0,0,23,276,164
E85,0,0,0,23,276,164
E87,575,23,1,23,276,164
E89,1380,92,4,23,277,164
E91,2415,161,7,23,281,164
E93,6600,264,11,24,288,163
E95,0,0,0,27,299,160
E97,2520,168,7,24,299,163
E99,2640,264,12,22,306,165
E101,1080,54,2,27,318,160
E103,3900,260,10,26,320,161
E105,4680,312,12,26,330,161
E107,3220,322,14,23,342,164
E109,2750,275,11,25,356,162
E111,7700,308,14,22,367,165
E113,3000,150,6,25,381,162
E115,3250,325,13,25,387,162
E117,3105,207,9,23,400,164
E119,3120,156,6,26,409,161
E121,960,48,2,24,415,163
E123,0,0,0,26,417,161
E125,2700,270,10,27,417,160
E127,0,0,0,26,427,161
E129,7150,286,11,26,427,161
E131,4140,276,12,23,438,164
E133,2730,182,7,26,450,161
E135,1350,54,2,27,457,160
E137,6600,264,11,24,459,163
E139,3220,322,14,23,470,164
E141,4620,308,14,22,484,165
E143,5400,360,15,24,498,163
E145,4160,208,8,26,513,161
E147,1620,162,6,27,521,160
E149,5500,275,11,25,527,162
E151,4400,220,10,22,538,165
E153,5000,200,8,25,548,162
E155,5850,234,9,26,556,161
E157,7560,378,14,27,565,160
E159,4950,330,15,22,579,165
E161,1320,88,4,22,594,165
E163,0,0,0,26,598,161
E165,1725,69,3,23,598,164
E167,1920,192,8,24,601,163
E169,520,52,2,26,609,161
E171,1350,135,5,27,611,160
E173,4550,182,7,26,616,161
E175,2300,230,10,23,623,164
E177,3360,168,7,24,633,163
E179,5000,250,10,25,640,162
E181,2730,182,7,26,650,161
E183,440,22,1,22,657,165
E185,6050,242,11,22,658,165
E187,0,0,0,24,669,163
E189,7560,378,14,27,669,160
E191,660,44,2,22,683,165
E193,0,0,0,24,685,163
E195,2025,135,5,27,685,160
E197,2640,132,6,22,690,165
E199,6050,242,11,22,696,165
E201,3840,192,8,24,707,163
E203,1840,184,8,23,715,164
E205,3120,312,13,24,723,163
E207,4400,176,8,22,736,165
E209,1380,138,6,23,744,164
F1,6300,420,12,35,0,192
F3,4080,272,8,34,12,192
F5,6930,462,14,33,20,192
F7,2040,136,4,34,34,192
F9,680,68,2,34,38,192
F11,2480,248,8,31,40,192
F13,960,96,3,32,48,192
F15,3200,160,5,32,51,192
F17,1920,96,3,32,56,192
F19,3400,170,5,34,59,192
F21,1550,155,5,31,64,192
F23,6240,416,13,32,69,192
F25,2400,120,4,30,82,192
F27,4200,210,6,35,86,192
F29,11050,442,13,34,92,192
F31,6400,256,8,32,105,192
F33,700,35,1,35,113,192
F35,7650,510,15,34,114,192
F37,2240,224,7,32,129,192
F39,3465,231,7,33,136,192
F41,12750,510,15,34,143,192
F43,1320,132,4,33,158,192
F45,11375,455,13,35,162,192
F47,3500,350,10,35,175,192
F49,5250,210,6,35,185,192
F51,3360,224,7,32,191,192
F53,2325,155,5,31,198,192
F55,1550,62,2,31,203,192
F57,5280,264,8,33,205,192
F59,350,35,1,35,213,192
F61,4050,270,9,30,214,192
F63,1050,70,2,35,223,192
F65,3060,306,9,34,225,192
F67,1800,120,4,30,234,192
F69,12750,510,15,34,238,192
F71,6120,306,9,34,253,192
F73,2400,96,3,32,262,192
F75,0,0,0,33,265,192
F77,4900,245,7,35,265,192
F79,0,0,0,34,272,192
F81,7000,350,10,35,272,192
F83,1800,180,6,30,282,192
F85,5600,280,8,35,288,192
F87,2790,186,6,31,296,192
F89,4080,408,12,34,302,192
F91,5250,525,15,35,314,192
F93,8500,340,10,34,329,192
F95,3520,352,11,32,339,192
F97,2040,102,3,34,350,192
F99,6825,455,13,35,353,192
F101,0,0,0,33,366,192
F103,1700,68,2,34,366,192
F105,6600,264,8,33,368,192
F107,0,0,0,33,376,192
F109,4250,170,5,34,376,192
F111,1800,180,6,30,381,192
F113,6720,448,14,32,387,192
F115,6300,315,9,35,401,192
F117,2700,180,6,30,410,192
F119,4480,448,14,32,416,192
F121,4200,210,6,35,430,192
F123,4160,416,13,32,436,192
F125,5250,210,6,35,449,192
F127,1200,120,4,30,455,192
F129,3150,210,6,35,459,192
F131,2310,231,7,33,465,192
F133,4760,476,14,34,472,192
F135,1400,70,2,35,486,192
F137,2400,240,8,30,488,192
F139,10200,510,15,34,496,192
F141,6200,248,8,31,511,192
F143,5600,224,7,32,519,192
F145,3400,136,4,34,526,192
F147,7000,350,10,35,530,192
F149,8160,408,12,34,540,192
F151,3850,385,11,35,552,192
F153,3400,170,5,34,563,192
F155,1650,165,5,33,568,192
F157,0,0,0,34,573,192
F159,2040,204,6,34,573,192
F161,7650,306,9,34,579,192
F163,3875,155,5,31,588,192
F165,1980,198,6,33,593,192
F167,4800,480,15,32,599,192
F169,4620,462,14,33,614,192
F171,9000,360,12,30,628,192
F173,2400,240,8,30,640,192
F175,4320,288,9,32,648,192
F177,11200,448,14,32,657,192
F179,6975,465,15,31,671,192
F181,2250,90,3,30,686,192
F183,6000,240,8,30,689,192
F185,1920,96,3,32,697,192
F187,8680,434,14,31,700,192
F189,1020,102,3,34,714,192
F191,320,32,1,32,717,192
F193,620,31,1,31,718,192
F195,11375,455,13,35,719,192
F197,330,33,1,33,732,192
F199,4950,330,10,33,733,192
F201,1360,68,2,34,743,192
F203,1550,155,5,31,745,192
G1,6045,403,13,31,0,232
G3,8800,352,11,32,13,231
G5,4030,403,13,31,24,232
G7,640,32,1,32,37,231
G9,5280,264,8,33,38,230
G11,1550,155,5,31,46,232
G13,3875,155,5,31,51,232
G15,7480,374,11,34,56,229
G17,2100,140,4,35,67,228
G19,2380,238,7,34,71,229
G21,4480,224,7,32,78,231
G23,10850,434,14,31,85,232
G25,3150,315,9,35,99,228
G27,0,0,0,33,108,230
G29,4650,465,15,31,108,232
G31,0,0,0,30,123,233
G33,0,0,0,31,123,232
G35,4290,429,13,33,123,230
G37,0,0,0,34,136,229
G39,1600,64,2,32,136,231
G41,5100,340,10,34,138,229
G43,4480,448,14,32,148,231
G45,11200,448,14,32,162,231
G47,330,33,1,33,176,230
G49,3000,150,5,30,177,233
G51,2400,240,8,30,182,233
G53,1500,60,2,30,190,233
G55,3000,150,5,30,192,233
G57,600,60,2,30,197,233
G59,3300,132,4,33,199,230
G61,6120,306,9,34,203,229
G63,1700,68,2,34,212,229
G65,3200,128,4,32,214,231
G67,680,68,2,34,218,229
G69,1020,68,2,34,220,229
G71,4480,224,7,32,222,231
G73,7440,372,12,31,229,232
G75,0,0,0,30,241,233
G77,4080,408,12,34,241,229
G79,7650,306,9,34,253,229
G81,8400,420,12,35,262,228
G83,0,0,0,32,274,231
G85,4800,192,6,32,274,231
G87,5250,525,15,35,280,228
G89,1575,105,3,35,295,228
G91,3740,374,11,34,298,229
G93,3400,170,5,34,309,229
G95,850,34,1,34,314,229
G97,12000,480,15,32,315,231
G99,1550,155,5,31,330,232
G101,4200,280,8,35,335,228
G103,8400,420,14,30,343,233
G105,2250,90,3,30,357,233
G107,5425,217,7,31,360,232
G109,5250,525,15,35,367,228
G111,930,93,3,31,382,232
G113,2040,102,3,34,385,229
G115,6300,420,12,35,388,228
G117,5600,224,7,32,400,231
G119,350,35,1,35,407,228
G121,4375,175,5,35,408,228
G123,8060,403,13,31,413,232
G125,4455,297,9,33,426,230
G127,3840,256,8,32,435,231
G129,2640,132,4,33,443,230
G131,10200,408,12,34,447,229
G133,7700,385,11,35,459,228
G135,9625,385,11,35,470,228
G137,2790,279,9,31,481,232
G139,3720,248,8,31,490,232
G141,5600,224,7,32,498,231
G143,3300,165,5,33,505,230
G145,3500,140,4,35,510,228
G147,3750,150,5,30,514,233
G149,4080,408,12,34,519,229
G151,7000,350,10,35,531,228
G153,3400,136,4,34,541,229
G155,2550,102,3,34,545,229
G157,6800,340,10,34,548,229
G159,4480,224,7,32,558,231
G161,3500,350,10,35,565,228
G163,9800,490,14,35,575,228
G165,10500,525,15,35,589,228
G167,4950,330,11,30,604,233
G169,6975,465,15,31,615,232
G171,4480,224,7,32,630,231
G173,3875,155,5,31,637,232
G175,7200,360,12,30,642,233
G177,7140,476,14,34,654,229
G179,4650,465,15,31,668,232
G181,10200,510,15,34,683,229
G183,2475,165,5,33,698,230
G185,1020,68,2,34,703,229
G187,7200,288,9,32,705,231
G189,1320,132,4,33,714,230
G191,9600,480,15,32,718,231
G193,3720,372,12,31,733,232
G195,4125,165,5,33,745,230
H1,2475,99,3,33,0,268
H3,6600,330,11,30,3,268
H5,10200,510,15,34,14,268
H7,4200,210,7,30,29,268
H9,4200,280,8,35,36,268
H11,2310,231,7,33,44,268
H13,3960,396,12,33,51,268
H15,3600,240,8,30,63,268
H17,8960,448,14,32,71,268
H19,2325,155,5,31,85,268
H21,9600,480,15,32,90,268
H23,1550,155,5,31,105,268
H25,9800,490,14,35,110,268
H27,2640,132,4,33,124,268
H29,7200,360,12,30,128,268
H31,1020,102,3,34,140,268
H33,2400,120,4,30,143,268
H35,3200,128,4,32,147,268
H37,7875,525,15,35,151,268
H39,4500,450,15,30,166,268
H41,0,0,0,33,181,268
H43,10500,525,15,35,181,268
H45,10725,429,13,33,196,268
H47,4375,175,5,35,209,268
H49,3600,180,6,30,214,268
H51,0,0,0,30,220,268
H53,6045,403,13,31,220,268
H55,0,0,0,30,233,268
H57,4290,429,13,33,233,268
H59,6510,434,14,31,246,268
H61,3300,330,11,30,260,268
H63,2970,297,9,33,271,268
H65,930,62,2,31,280,268
H67,4420,442,13,34,282,268
H69,3100,310,10,31,295,268
H71,8960,448,14,32,305,268
H73,6800,340,10,34,319,268
H75,1280,128,4,32,329,268
H77,4800,480,15,32,333,268
H79,6000,300,10,30,348,268
H81,8960,448,14,32,358,268
H83,7425,495,15,33,372,268
H85,2475,99,3,33,387,268
H87,5400,270,9,30,390,268
H89,6125,245,7,35,399,268
H91,350,35,1,35,406,268
H93,0,0,0,33,407,268
H95,525,35,1,35,407,268
H97,1860,124,4,31,408,268
H99,3675,245,7,35,412,268
H101,6300,315,9,35,419,268
H103,4500,450,15,30,428,268
H105,6400,256,8,32,443,268
H107,2400,160,5,32,451,268
H109,6200,310,10,31,456,268
H111,7200,288,9,32,466,268
H113,3300,132,4,33,475,268
H115,5280,352,11,32,479,268
H117,7140,476,14,34,490,268
H119,1020,68,2,34,504,268
H121,7425,495,15,33,506,268
H123,4760,476,14,34,521,268
H125,4650,186,6,31,535,268
H127,2550,102,3,34,541,268
H129,4000,160,5,32,544,268
H131,12000,480,15,32,549,268
H133,1550,62,2,31,564,268
H135,7650,306,9,34,566,268
H137,1550,155,5,31,575,268
H139,10200,510,15,34,580,268
H141,10850,434,14,31,595,268
H143,660,66,2,33,609,268
H145,3840,192,6,32,611,268
H147,0,0,0,31,617,268
H149,0,0,0,33,617,268
H151,6820,341,11,31,617,268
H153,320,32,1,32,628,268
H155,1650,165,5,33,629,268
H157,340,34,1,34,634,268
H159,2550,170,5,34,635,268
H161,8250,330,11,30,640,268
H163,2325,155,5,31,651,268
H165,4320,288,9,32,656,268
H167,2880,192,6,32,665,268
H169,5250,210,6,35,671,268
H171,3520,352,11,32,677,268
H173,12375,495,15,33,688,268
H175,6000,300,10,30,703,268
H177,9520,476,14,34,713,268
H179,5580,279,9,31,727,268
H181,3465,231,7,33,736,268
H183,660,66,2,33,743,268
H185,1920,96,3,32,745,268
H187,1700,68,2,34,748,268
I1,5750,230,10,23,0,316
I3,1260,63,3,21,10,318
I5,7800,312,13,24,13,315
I7,8400,336,14,24,26,315
I9,7200,360,15,24,40,315
I11,1900,95,5,19,55,320
I13,330,22,1,22,60,317
I15,1425,57,3,19,61,320
I17,840,84,4,21,64,318
I19,1440,144,6,24,68,315
I21,3850,154,7,22,74,317
I23,4950,198,9,22,81,317
I25,0,0,0,24,90,315
I27,0,0,0,24,90,315
I29,3420,171,9,19,90,320
I31,1840,184,8,23,99,316
I33,0,0,0,22,107,317
I35,3500,140,7,20,107,319
I37,0,0,0,20,114,319
I39,3780,252,12,21,114,318
I41,1260,126,6,21,126,318
I43,2415,161,7,23,132,316
I45,4750,190,10,19,139,320
I47,3450,345,15,23,149,316
I49,2640,264,11,24,164,315
I51,3300,330,15,22,175,317
I53,8625,345,15,23,190,316
I55,5225,209,11,19,205,320
I57,1650,66,3,22,216,317
I59,2730,273,13,21,219,318
I61,1980,198,9,22,232,317
I63,880,88,4,22,241,317
I65,2470,247,13,19,245,320
I67,2970,198,9,22,258,317
I69,1980,132,6,22,267,317
I71,420,42,2,21,273,318
I73,8250,330,15,22,275,317
I75,0,0,0,20,290,319
I77,3600,180,9,20,290,319
I79,800,80,4,20,299,319
I81,1380,69,3,23,303,316
I83,4600,184,8,23,306,316
I85,3990,266,14,19,314,320
I87,2100,105,5,21,328,318
I89,2640,264,11,24,333,315
I91,600,40,2,20,344,319
I93,1500,100,5,20,346,319
I95,0,0,0,19,351,320
I97,3795,253,11,23,351,316
I99,2280,228,12,19,362,320
I101,5500,220,11,20,374,319
I103,4750,190,10,19,385,320
I105,0,0,0,23,395,316
I107,8050,322,14,23,395,316
I109,2100,210,10,21,409,318
I111,5280,264,11,24,419,315
I113,6300,315,15,21,430,318
I115,760,38,2,19,445,320
I117,2400,120,6,20,447,319
I119,3600,144,6,24,453,315
I121,2200,88,4,22,459,317
I123,600,40,2,20,463,319
I125,2070,207,9,23,465,316
I127,5040,252,12,21,474,318
I129,5175,207,9,23,486,316
I131,2730,273,13,21,495,318
I133,840,84,4,21,508,318
I135,7500,300,15,20,512,319
I137,9000,360,15,24,527,315
I139,1500,100,5,20,542,319
I141,6900,345,15,23,547,316
I143,1760,88,4,22,562,317
I145,3300,132,6,22,566,317
I147,630,63,3,21,572,318
I149,2600,260,13,20,575,319
I151,6600,264,12,22,588,317
I153,6500,260,13,20,600,319
I155,0,0,0,21,613,318
I157,2280,114,6,19,613,320
I159,2100,210,10,21,619,318
I161,345,23,1,23,629,316
I163,1140,114,6,19,630,320
I165,1470,147,7,21,636,318
I167,2500,100,5,20,643,319
I169,1400,140,7,20,648,319
I171,3600,360,15,24,655,315
I173,210,21,1,21,670,318
I175,7700,308,14,22,671,317
I177,2420,242,11,22,685,317
I179,2400,240,10,24,696,315
I181,6825,273,13,21,706,318
I183,550,22,1,22,719,317
I185,1610,161,7,23,720,316
I187,1000,40,2,20,727,319
I189,3040,152,8,19,729,320
I191,6825,273,13,21,737,318
J1,6250,250,10,25,0,344
J3,840,84,3,28,10,344
J5,840,56,2,28,13,344
J7,5600,224,8,28,15,344
J9,840,84,3,28,23,344
J11,5070,338,13,26,26,344
J13,2880,192,8,24,39,344
J15,1040,52,2,26,47,344
J17,960,48,2,24,49,344
J19,2800,112,4,28,51,344
J21,3375,225,9,25,55,344
J23,720,72,3,24,64,344
J25,1950,130,5,26,67,344
J27,5850,390,15,26,72,344
J29,1800,72,3,24,87,344
J31,4200,168,7,24,90,344
J33,6500,260,10,26,97,344
J35,5500,275,11,25,107,344
J37,2625,175,7,25,118,344
J39,3000,300,12,25,125,344
J41,6500,260,10,26,137,344
J43,8625,345,15,23,147,344
J45,3000,300,12,25,162,344
J47,0,0,0,28,174,344
J49,4480,224,8,28,174,344
J51,5750,230,10,23,182,344
J53,2600,260,10,26,192,344
J55,750,75,3,25,202,344
J57,3360,168,6,28,205,344
J59,5175,345,15,23,211,344
J61,520,52,2,26,226,344
J63,1440,72,3,24,228,344
J65,5460,364,14,26,231,344
J67,3450,138,6,23,245,344
J69,2400,240,10,24,251,344
J71,5400,270,10,27,261,344
J73,2250,225,9,25,271,344
J75,5520,276,12,23,280,344
J77,5400,216,8,27,292,344
J79,4680,312,13,24,300,344
J81,4830,322,14,23,313,344
J83,6900,276,12,23,327,344
J85,2730,182,7,26,339,344
J87,6075,405,15,27,346,344
J89,0,0,0,26,361,344
J91,3780,252,9,28,361,344
J93,7020,351,13,27,370,344
J95,6160,308,11,28,383,344
J97,260,26,1,26,394,344
J99,480,24,1,24,395,344
J101,7560,378,14,27,396,344
J103,6240,312,12,26,410,344
J105,0,0,0,28,422,344
J107,8750,350,14,25,422,344
J109,3220,161,7,23,436,344
J111,3900,260,10,26,443,344
J113,7020,351,13,27,453,344
J115,0,0,0,24,466,344
J117,4320,288,12,24,466,344
J119,7020,351,13,27,478,344
J121,3360,336,12,28,491,344
J123,5520,276,12,23,503,344
J125,1950,78,3,26,515,344
J127,2340,234,9,26,518,344
J129,7560,378,14,27,527,344
J131,4320,216,8,27,541,344
J133,960,96,4,24,549,344
J135,3920,392,14,28,553,344
J137,5500,275,11,25,567,344
J139,3920,196,7,28,578,344
J141,0,0,0,28,585,344
J143,3600,144,6,24,585,344
J145,10125,405,15,27,591,344
J147,2160,144,6,24,606,344
J149,3900,156,6,26,612,344
J151,2600,260,10,26,618,344
J153,3640,364,13,28,628,344
J155,4800,240,10,24,641,344
J157,7800,312,12,26,651,344
J159,3360,168,6,28,663,344
J161,7800,312,12,26,669,344
J163,4680,234,9,26,681,344
J165,7020,351,13,27,690,344
J167,5750,230,10,23,703,344
J169,0,0,0,28,713,344
J171,2760,184,8,23,713,344
J173,3600,144,6,24,721,344
J175,720,48,2,24,727,344
J177,4620,308,11,28,729,344
J179,4680,234,9,26,740,344
J181,390,26,1,26,749,344
K1,1860,186,6,31,0,384
K3,4200,210,7,30,6,385
K5,300,30,1,30,13,385
K7,4950,198,6,33,14,382
K9,3720,186,6,31,20,384
K11,4620,231,7,33,26,382
K13,6380,319,11,29,33,386
K15,4640,232,8,29,44,386
K17,12750,510,15,34,52,381
K19,5280,264,8,33,67,382
K21,2030,203,7,29,75,386
K23,3400,340,10,34,82,381
K25,5800,232,8,29,92,386
K27,4030,403,13,31,100,384
K29,3060,204,6,34,113,381
K31,3400,340,10,34,119,381
K33,3840,256,8,32,129,383
K35,4250,170,5,34,137,381
K37,1240,62,2,31,142,384
K39,1700,170,5,34,144,381
K41,1020,102,3,34,149,381
K43,1305,87,3,29,152,386
K45,8060,403,13,31,155,384
K47,8580,429,13,33,168,382
K49,4160,416,13,32,181,383
K51,3410,341,11,31,194,384
K53,775,31,1,31,205,384
K55,900,90,3,30,206,385
K57,1350,90,3,30,209,385
K59,3060,204,6,34,212,381
K61,2100,210,7,30,218,385
K63,1320,66,2,33,225,382
K65,580,29,1,29,227,386
K67,900,60,2,30,228,385
K69,3200,160,5,32,230,383
K71,1240,62,2,31,235,384
K73,930,93,3,31,237,384
K75,1920,192,6,32,240,383
K77,6120,306,9,34,246,381
K79,3740,374,11,34,255,381
K81,7140,476,14,34,266,381
K83,8500,340,10,34,280,381
K85,5580,279,9,31,290,384
K87,0,0,0,32,299,383
K89,1500,150,5,30,299,385
K91,5280,264,8,33,304,382
K93,6090,406,14,29,312,386
K95,8840,442,13,34,326,381
K97,5075,203,7,29,339,386
K99,3840,256,8,32,346,383
K101,8320,416,13,32,354,383
K103,4500,450,15,30,367,385
K105,6435,429,13,33,382,382
K107,4500,450,15,30,395,385
K109,1280,128,4,32,410,383
K111,10200,408,12,34,414,381
K113,1860,93,3,31,426,384
K115,4950,495,15,33,429,382
K117,7920,396,12,33,444,382
K119,4950,330,11,30,456,385
K121,3000,300,10,30,467,385
K123,3960,198,6,33,477,382
K125,0,0,0,29,483,386
K127,0,0,0,32,483,383
K129,660,33,1,33,483,382
K131,2240,224,7,32,484,383
K133,8250,330,10,33,491,382
K135,1160,58,2,29,501,386
K137,6525,261,9,29,503,386
K139,1800,120,4,30,512,385
K141,3625,145,5,29,516,386
K143,0,0,0,29,521,386
K145,5800,232,8,29,521,386
K147,6525,261,9,29,529,386
K149,4250,170,5,34,538,381
K151,2170,217,7,31,543,384
K153,6400,320,10,32,550,383
K155,6975,279,9,31,560,384
K157,6800,340,10,34,569,381
K159,9900,396,12,33,579,382
K161,4125,165,5,33,591,382
K163,2560,256,8,32,596,383
K165,10850,434,14,31,604,384
K167,750,30,1,30,618,385
K169,5445,363,11,33,619,382
K171,5800,232,8,29,630,386
K173,7200,360,12,30,638,385
K175,1450,145,5,29,650,386
K177,2480,248,8,31,655,384
K179,620,62,2,31,663,384
K181,4640,232,8,29,665,386
K183,2550,170,5,34,673,381
K185,1280,128,4,32,678,383
K187,2560,256,8,32,682,383
K189,12375,495,15,33,690,382
K191,7650,510,15,34,705,381
K193,2100,210,7,30,720,385
K195,3000,120,4,30,727,385
K197,4000,160,5,32,731,383
K199,1800,90,3,30,736,385
K201,3630,363,11,33,739,382
L1,220,22,1,22,0,420
L3,390,26,1,26,1,420
L5,3960,264,11,24,2,420
L7,2835,189,9,21,13,420
L9,330,22,1,22,22,420
L11,3125,125,5,25,23,420
L13,1920,96,4,24,28,420
L15,3780,252,12,21,32,420
L17,960,48,2,24,44,420
L19,4620,308,14,22,46,420
L21,6000,240,10,24,60,420
L23,4160,208,8,26,70,420
L25,0,0,0,22,78,420
L27,6760,338,13,26,78,420
L29,1540,154,7,22,91,420
L31,460,46,2,23,98,420
L33,2340,234,9,26,100,420
L35,5460,273,13,21,109,420
L37,4840,242,11,22,122,420
L39,5750,230,10,23,133,420
L41,260,26,1,26,143,420
L43,4600,230,10,23,144,420
L45,2625,105,5,21,154,420
L47,1040,104,4,26,159,420
L49,1080,72,3,24,163,420
L51,1300,52,2,26,166,420
L53,520,26,1,26,168,420
L55,0,0,0,26,169,420
L57,5625,225,9,25,169,420
L59,6050,242,11,22,178,420
L61,4620,308,14,22,189,420
L63,3150,126,6,21,203,420
L65,2750,275,11,25,209,420
L67,1750,175,7,25,220,420
L69,3000,200,8,25,227,420
L71,9375,375,15,25,235,420
L73,7475,299,13,23,250,420
L75,4200,168,8,21,263,420
L77,1610,161,7,23,271,420
L79,4840,242,11,22,278,420
L81,660,44,2,22,289,420
L83,3250,325,13,25,291,420
L85,2500,250,10,25,304,420
L87,5980,299,13,23,314,420
L89,3120,312,13,24,327,420
L91,1500,75,3,25,340,420
L93,920,46,2,23,343,420
L95,4840,242,11,22,345,420
L97,8625,345,15,23,356,420
L99,0,0,0,24,371,420
L101,0,0,0,23,371,420
L103,7475,299,13,23,371,420
L105,4800,240,10,24,384,420
L107,3850,154,7,22,394,420
L109,3780,189,9,21,401,420
L111,1950,78,3,26,410,420
L113,1980,198,9,22,413,420
L115,3900,390,15,26,422,420
L117,2625,175,7,25,437,420
L119,1260,84,4,21,444,420
L121,3630,242,11,22,448,420
L123,5775,231,11,21,459,420
L125,0,0,0,22,470,420
L127,220,22,1,22,470,420
L129,2880,288,12,24,471,420
L131,5060,253,11,23,483,420
L133,0,0,0,21,494,420
L135,1470,147,7,21,494,420
L137,6050,242,11,22,501,420
L139,440,22,1,22,512,420
L141,1800,120,5,24,513,420
L143,2080,208,8,26,518,420
L145,240,24,1,24,526,420
L147,1560,78,3,26,527,420
L149,1440,144,6,24,530,420
L151,5400,216,9,24,536,420
L153,1150,46,2,23,545,420
L155,0,0,0,22,547,420
L157,2640,264,11,24,547,420
L159,6250,250,10,25,558,420
L161,2500,250,10,25,568,420
L163,0,0,0,23,578,420
L165,1750,175,7,25,578,420
L167,230,23,1,23,585,420
L169,1500,75,3,25,586,420
L171,5625,225,9,25,589,420
L173,4620,231,11,21,598,420
L175,6050,242,11,22,609,420
L177,2880,144,6,24,620,420
L179,1260,126,6,21,626,420
L181,1725,115,5,23,632,420
L183,5400,216,9,24,637,420
L185,7500,300,12,25,646,420
L187,960,96,4,24,658,420
L189,2200,220,10,22,662,420
L191,5060,253,11,23,672,420
L193,460,46,2,23,683,420
L195,7150,286,11,26,685,420
L197,4410,294,14,21,696,420
L199,3360,336,14,24,710,420
L201,3600,144,6,24,724,420
L203,1040,52,2,26,730,420
L205,6050,242,11,22,732,420
L207,3850,154,7,22,743,420
M1,720,36,2,18,0,473
M3,2240,224,14,16,2,475
M5,2400,120,8,15,16,476
M7,3750,150,10,15,24,476
M9,2850,285,15,19,34,472
M11,850,34,2,17,49,474
M13,2925,195,13,15,51,476
M15,3315,221,13,17,64,474
M17,3520,176,11,16,77,475
M19,1920,96,6,16,88,475
M21,2280,152,8,19,94,472
M23,475,19,1,19,102,472
M25,600,60,3,20,103,471
M27,1520,152,8,19,106,472
M29,2550,170,10,17,114,474
M31,600,30,2,15,124,476
M33,850,85,5,17,126,474
M35,5525,221,13,17,131,474
M37,4050,270,15,18,144,473
M39,1500,150,10,15,159,476
M41,5400,216,12,18,169,473
M43,1875,75,5,15,181,476
M45,3420,228,12,19,186,472
M47,2475,165,11,15,198,476
M49,2565,171,9,19,209,472
M51,1125,75,5,15,218,476
M53,2400,240,15,16,223,475
M55,1080,72,4,18,238,473
M57,1900,190,10,19,242,472
M59,360,18,1,18,252,473
M61,7125,285,15,19,253,472
M63,2280,228,12,19,268,472
M65,255,17,1,17,280,474
M67,5100,204,12,17,281,474
M69,2280,228,12,19,293,472
M71,380,38,2,19,305,472
M73,3800,152,8,19,307,472
M75,3900,195,13,15,315,476
M77,5525,221,13,17,328,474
M79,360,18,1,18,341,473
M81,5700,285,15,19,342,472
M83,3750,150,10,15,357,476
M85,1620,162,9,18,367,473
M87,150,15,1,15,376,476
M89,2160,108,6,18,377,473
M91,1350,54,3,18,383,473
M93,1425,57,3,19,386,472
M95,4950,198,11,18,389,473
M97,0,0,0,18,400,473
M99,5400,270,15,18,400,473
M101,2720,136,8,17,415,474
M103,2400,160,10,16,423,475
M105,2080,208,13,16,433,475
M107,4275,171,9,19,446,472
M109,750,30,2,15,455,476
M111,3000,120,8,15,457,476
M113,0,0,0,16,465,475
M115,1260,126,7,18,465,473
M117,3240,216,12,18,472,473
M119,680,68,4,17,484,474
M121,3825,153,9,17,488,474
M123,2160,144,9,16,497,475
M125,2160,216,12,18,506,473
M127,6175,247,13,19,518,472
M129,450,30,2,15,531,476
M131,1710,171,9,19,533,472
M133,2125,85,5,17,542,474
M135,3000,200,10,20,547,471
M137,0,0,0,16,557,475
M139,4800,240,15,16,557,475
M141,2560,128,8,16,572,475
M143,2250,150,10,15,580,476
M145,5525,221,13,17,590,474
M147,2700,270,15,18,603,473
M149,0,0,0,19,618,472
M151,2805,187,11,17,618,474
M153,720,72,4,18,629,473
M155,2700,270,15,18,633,473
M157,2280,228,12,19,648,472
M159,3375,225,15,15,660,476
M161,450,18,1,18,675,473
M163,1360,68,4,17,676,474
M165,2200,220,11,20,680,471
M167,2660,266,14,19,691,472
M169,450,30,2,15,705,476
M171,850,85,5,17,707,474
M173,1080,108,6,18,712,473
M175,180,18,1,18,718,473
M177,3400,170,10,17,719,474
M179,3400,170,10,17,729,474
M181,1530,102,6,17,739,474
M183,900,90,5,18,745,473
N1,2320,116,4,29,0,496
N3,9300,465,15,31,4,496
N5,3915,261,9,29,19,496
N7,4000,160,5,32,28,496
N9,0,0,0,33,33,496
N11,2550,102,3,34,33,496
N13,4000,160,5,32,36,496
N15,8840,442,13,34,41,496
N17,2250,150,5,30,54,496
N19,320,32,1,32,59,496
N21,8160,408,12,34,60,496
N23,8680,434,14,31,72,496
N25,4500,300,10,30,86,496
N27,1700,68,2,34,96,496
N29,5075,203,7,29,98,496
N31,1020,102,3,34,105,496
N33,2480,124,4,31,108,496
N35,3840,192,6,32,112,496
N37,2320,232,8,29,118,496
N39,1980,198,6,33,126,496
N41,0,0,0,31,132,496
N43,3770,377,13,29,132,496
N45,1980,198,6,33,145,496
N47,290,29,1,29,151,496
N49,3100,310,10,31,152,496
N51,6510,434,14,31,162,496
N53,7800,390,13,30,176,496
N55,495,33,1,33,189,496
N57,2640,132,4,33,190,496
N59,680,68,2,34,194,496
N61,2970,297,9,33,196,496
N63,990,66,2,33,205,496
N65,7650,510,15,34,207,496
N67,3190,319,11,29,222,496
N69,2040,136,4,34,233,496
N71,600,60,2,30,237,496
N73,870,87,3,29,239,496
N75,4950,330,10,33,242,496
N77,5600,224,7,32,252,496
N79,1440,96,3,32,259,496
N81,4320,288,9,32,262,496
N83,3100,310,10,31,271,496
N85,0,0,0,29,281,496
N87,2790,279,9,31,281,496
N89,0,0,0,29,290,496
N91,900,60,2,30,290,496
N93,8500,340,10,34,292,496
N95,960,96,3,32,302,496
N97,7140,476,14,34,305,496
N99,6525,261,9,29,319,496
N101,3300,330,11,30,328,496
N103,2400,96,3,32,339,496
N105,2250,150,5,30,342,496
N107,775,31,1,31,347,496
N109,6975,279,9,31,348,496
N111,6400,320,10,32,357,496
N113,6400,256,8,32,367,496
N115,6960,348,12,29,375,496
N117,3190,319,11,29,387,496
N119,9900,396,12,33,398,496
N121,6800,340,10,34,410,496
N123,5115,341,11,31,420,496
N125,1450,58,2,29,431,496
N127,9750,390,13,30,433,496
N129,6200,310,10,31,446,496
N131,2030,203,7,29,456,496
N133,3000,300,10,30,463,496
N135,7250,290,10,29,473,496
N137,4125,165,5,33,483,496
N139,3600,360,12,30,488,496
N141,0,0,0,30,500,496
N143,3400,136,4,34,500,496
N145,5940,297,9,33,504,496
N147,4350,435,15,29,513,496
N149,4800,320,10,32,528,496
N151,4620,462,14,33,538,496
N153,10850,434,14,31,552,496
N155,8400,420,14,30,566,496
N157,4080,272,8,34,580,496
N159,8160,408,12,34,588,496
N161,5760,384,12,32,600,496
N163,3875,155,5,31,612,496
N165,11050,442,13,34,617,496
N167,4640,232,8,29,630,496
N169,0,0,0,30,638,496
N171,1200,60,2,30,638,496
N173,3480,348,12,29,640,496
N175,4800,240,8,30,652,496
N177,4800,240,8,30,660,496
N179,4650,186,6,31,668,496
N181,725,29,1,29,674,496
N183,2240,224,7,32,675,496
N185,4760,238,7,34,682,496
N187,9240,462,14,33,689,496
N189,4800,240,8,30,703,496
N191,6200,310,10,31,711,496
N193,4080,408,12,34,721,496
N195,6000,240,8,30,733,496
N197,2720,272,8,34,741,496
N199,0,0,0,33,749,496
N201,330,33,1,33,749,496
O1,3720,372,12,31,0,536
O3,6975,465,15,31,12,536
O5,8000,320,10,32,27,535
O7,4340,217,7,31,37,536
O9,3840,384,12,32,44,535
O11,1860,124,4,31,56,536
O13,0,0,0,33,60,534
O15,9300,372,12,31,60,536
O17,7200,288,9,32,72,535
O19,6090,406,14,29,81,538
O21,6975,279,9,31,95,536
O23,2700,180,6,30,104,537
O25,11200,448,14,32,110,535
O27,1650,165,5,33,124,534
O29,1280,128,4,32,129,535
O31,2400,240,8,30,133,537
O33,900,60,2,30,141,537
O35,960,96,3,32,143,535
O37,11550,462,14,33,146,534
O39,1860,124,4,31,160,536
O41,4480,224,8,28,164,539
O43,4320,288,9,32,172,535
O45,6525,261,9,29,181,538
O47,3465,231,7,33,190,534
O49,2880,192,6,32,197,535
O51,4800,320,10,32,203,535
O53,1240,62,2,31,213,536
O55,0,0,0,29,215,538
O57,2900,145,5,29,215,538
O59,3875,155,5,31,220,536
O61,4950,495,15,33,225,534
O63,1400,140,5,28,240,539
O65,3190,319,11,29,245,538
O67,5600,224,8,28,256,539
O69,900,90,3,30,264,537
O71,9000,450,15,30,267,537
O73,4650,186,6,31,282,536
O75,5280,264,8,33,288,534
O77,4620,231,7,33,296,534
O79,2900,290,10,29,303,538
O81,10500,420,14,30,313,537
O83,6975,279,9,31,327,536
O85,1860,124,4,31,336,536
O87,1160,58,2,29,340,538
O89,2100,140,5,28,342,539
O91,4200,420,15,28,347,539
O93,5115,341,11,31,362,536
O95,1160,58,2,29,373,538
O97,2240,112,4,28,375,539
O99,0,0,0,31,379,536
O101,3720,372,12,31,379,536
O103,280,28,1,28,391,539
O105,8580,429,13,33,392,534
O107,3100,310,10,31,405,536
O109,930,62,2,31,415,536
O111,11250,450,15,30,417,537
O113,580,29,1,29,432,538
O115,960,96,3,32,433,535
O117,4340,434,14,31,436,536
O119,1440,96,3,32,450,535
O121,2560,256,8,32,453,535
O123,2480,124,4,31,461,536
O125,3045,203,7,29,465,538
O127,3600,360,12,30,472,537
O129,7750,310,10,31,484,536
O131,5400,270,9,30,494,537
O133,3360,224,7,32,503,535
O135,5400,270,9,30,510,537
O137,800,32,1,32,519,535
O139,10150,406,14,29,520,538
O141,495,33,1,33,534,534
O143,6000,240,8,30,535,537
O145,7200,480,15,32,543,535
O147,6510,434,14,31,558,536
O149,990,66,2,33,572,534
O151,2400,240,8,30,574,537
O153,8120,406,14,29,582,538
O155,9600,384,12,32,596,535
O157,3960,198,6,33,608,534
O159,0,0,0,28,614,539
O161,2240,112,4,28,614,539
O163,3840,256,8,32,618,535
O165,450,30,1,30,626,537
O167,6820,341,11,31,627,536
O169,1860,124,4,31,638,536
O171,7540,377,13,29,642,538
O173,0,0,0,31,655,536
O175,9300,465,15,31,655,536
O177,2610,174,6,29,670,538
O179,4650,310,10,31,676,536
O181,1500,60,2,30,686,537
O183,5460,364,13,28,688,539
O185,1450,145,5,29,701,538
O187,900,60,2,30,706,537
O189,300,30,1,30,708,537
O191,6820,341,11,31,709,536
O193,4480,448,14,32,720,535
O195,2175,145,5,29,734,538
O197,600,60,2,30,739,537
O199,4500,180,6,30,741,537
O201,1350,90,3,30,747,537
P1,7700,308,11,28,0,572
P3,6250,250,10,25,11,572
P5,6720,336,14,24,21,572
P7,960,96,4,24,35,572
P9,3480,232,8,29,39,572
P11,0,0,0,24,47,572
P13,1450,58,2,29,47,572
P15,4680,234,9,26,49,572
P17,4200,420,15,28,58,572
P19,4125,275,11,25,73,572
P21,3645,243,9,27,84,572
P23,435,29,1,29,93,572
P25,5625,375,15,25,94,572
P27,1620,81,3,27,109,572
P29,5265,351,13,27,112,572
P31,375,25,1,25,125,572
P33,1040,104,4,26,126,572
P35,4050,270,10,27,130,572
P37,1680,84,3,28,140,572
P39,0,0,0,25,143,572
P41,1350,135,5,27,143,572
P43,560,28,1,28,148,572
P45,1250,50,2,25,149,572
P47,1400,140,5,28,151,572
P49,3250,130,5,26,156,572
P51,5280,264,11,24,161,572
P53,7250,290,10,29,172,572
P55,1300,52,2,26,182,572
P57,7280,364,13,28,184,572
P59,8400,336,14,24,197,572
P61,3375,225,9,25,211,572
P63,4200,420,15,28,220,572
P65,5000,250,10,25,235,572
P67,2520,168,6,28,245,572
P69,1350,54,2,27,251,572
P71,1920,192,8,24,253,572
P73,240,24,1,24,261,572
P75,2600,104,4,26,262,572
P77,6525,261,9,29,266,572
P79,0,0,0,28,275,572
P81,10125,405,15,27,275,572
P83,1400,56,2,28,290,572
P85,2700,108,4,27,292,572
P87,2320,116,4,29,296,572
P89,2240,112,4,28,300,572
P91,1440,144,6,24,304,572
P93,4500,225,9,25,310,572
P95,4900,196,7,28,319,572
P97,870,58,2,29,326,572
P99,1560,104,4,26,328,572
P101,4200,168,6,28,332,572
P103,4350,290,10,29,338,572
P105,1120,56,2,28,348,572
P107,1300,130,5,26,350,572
P109,2400,120,5,24,355,572
P111,6720,336,12,28,360,572
P113,435,29,1,29,372,572
P115,250,25,1,25,373,572
P117,8400,420,15,28,374,572
P119,1620,81,3,27,389,572
P121,3375,225,9,25,392,572
P123,2610,174,6,29,401,572
P125,6075,405,15,27,407,572
P127,1440,72,3,24,422,572
P129,5200,208,8,26,425,572
P131,3045,203,7,29,433,572
P133,2025,135,5,27,440,572
P135,4680,234,9,26,445,572
P137,1450,145,5,29,454,572
P139,4680,312,13,24,459,572
P141,2600,130,5,26,472,572
P143,2025,135,5,27,477,572
P145,7280,364,13,28,482,572
P147,5850,390,15,26,495,572
P149,1820,182,7,26,510,572
P151,1560,78,3,26,517,572
P153,3125,125,5,25,520,572
P155,2900,290,10,29,525,572
P157,1120,56,2,28,535,572
P159,2835,189,7,27,537,572
P161,4200,280,10,28,544,572
P163,500,25,1,25,554,572
P165,3360,168,7,24,555,572
P167,6750,270,10,27,562,572
P169,2100,84,3,28,572,572
P171,1440,72,3,24,575,572
P173,6380,319,11,29,578,572
P175,4875,325,13,25,589,572
P177,4320,216,8,27,602,572
P179,2320,116,4,29,610,572
P181,2000,100,4,25,614,572
P183,4200,168,6,28,618,572
P185,9100,364,14,26,624,572
P187,720,72,3,24,638,572
P189,1750,175,7,25,641,572
P191,1560,104,4,26,648,572
P193,9800,392,14,28,652,572
P195,0,0,0,26,666,572
P197,1620,81,3,27,666,572
P199,0,0,0,24,669,572
P201,2900,116,4,29,669,572
P203,1950,78,3,26,673,572
P205,750,75,3,25,676,572
P207,3600,144,6,24,679,572
P209,2940,196,7,28,685,572
P211,5500,275,11,25,692,572
P213,240,24,1,24,703,572
P215,2250,225,9,25,704,572
P217,290,29,1,29,713,572
P219,1440,144,6,24,714,572
P221,1920,96,4,24,720,572
P223,600,24,1,24,724,572
P225,6480,324,12,27,725,572
P227,0,0,0,28,737,572
P229,500,25,1,25,737,572
P231,1750,175,7,25,738,572
P233,1500,75,3,25,745,572
P235,1350,54,2,27,748,572
Q1,0,0,0,18,0,625
Q3,1500,60,3,20,0,623
Q5,1350,90,5,18,3,625
Q7,3300,220,11,20,8,623
Q9,2850,285,15,19,19,624
Q11,5320,266,14,19,34,624
Q13,3600,144,8,18,48,625
Q15,1950,195,13,15,56,628
Q17,1020,51,3,17,69,626
Q19,5850,234,13,18,72,625
Q21,0,0,0,16,85,627
Q23,180,18,1,18,85,625
Q25,855,57,3,19,86,624
Q27,4800,240,12,20,89,623
Q29,3600,144,8,18,101,625
Q31,5400,270,15,18,109,625
Q33,2625,105,7,15,124,628
Q35,1360,68,4,17,131,626
Q37,0,0,0,20,135,623
Q39,1000,100,5,20,135,623
Q41,1800,120,8,15,140,628
Q43,5250,210,14,15,148,628
Q45,2800,140,7,20,162,623
Q47,850,34,2,17,169,626
Q49,960,48,3,16,171,627
Q51,6000,300,15,20,174,623
Q53,425,17,1,17,189,626
Q55,2100,105,7,15,190,628
Q57,2400,120,6,20,197,623
Q59,1200,48,3,16,203,627
Q61,360,18,1,18,206,625
Q63,1200,48,3,16,207,627
Q65,1080,54,3,18,210,625
Q67,4675,187,11,17,213,626
Q69,1800,180,9,20,224,623
Q71,3600,144,9,16,233,627
Q73,5625,225,15,15,242,628
Q75,1080,72,4,18,257,625
Q77,480,32,2,16,261,627
Q79,2400,120,8,15,263,628
Q81,765,51,3,17,271,626
Q83,720,48,3,16,274,627
Q85,0,0,0,17,277,626
Q87,0,0,0,18,277,625
Q89,2210,221,13,17,277,626
Q91,1600,80,4,20,290,623
Q93,3000,120,6,20,294,623
Q95,0,0,0,20,300,623
Q97,3000,200,10,20,300,623
Q99,1950,195,13,15,310,628
Q101,2800,140,7,20,323,623
Q103,1900,95,5,19,330,624
Q105,1200,80,4,20,335,623
Q107,765,51,3,17,339,626
Q109,3825,255,15,17,342,626
Q111,3800,190,10,19,357,624
Q113,2600,260,13,20,367,623
Q115,2080,208,13,16,380,627
Q117,4050,162,9,18,393,625
Q119,450,18,1,18,402,625
Q121,1600,160,10,16,403,627
Q123,2700,180,9,20,413,623
Q125,2520,252,14,18,422,625
Q127,2280,228,12,19,436,624
Q129,600,60,3,20,448,623
Q131,1330,133,7,19,451,624
Q133,760,76,4,19,458,624
Q135,4560,228,12,19,462,624
Q137,5850,234,13,18,474,625
Q139,1140,76,4,19,487,624
Q141,3240,162,9,18,491,625
Q143,1350,90,5,18,500,625
Q145,4800,240,15,16,505,627
Q147,1800,90,5,18,520,625
Q149,2700,108,6,18,525,625
Q151,3750,150,10,15,531,628
Q153,3800,152,8,19,541,624
Q155,1500,60,3,20,549,623
Q157,1710,114,6,19,552,624
Q159,180,18,1,18,558,625
Q161,5400,270,15,18,559,625
Q163,2400,240,12,20,574,623
Q165,570,57,3,19,586,624
Q167,1600,80,5,16,589,627
Q169,960,64,4,16,594,627
Q171,2160,108,6,18,598,625
Q173,600,40,2,20,604,623
Q175,1600,160,8,20,606,623
Q177,3600,144,8,18,614,625
Q179,400,40,2,20,622,623
Q181,5200,208,13,16,624,627
Q183,1400,140,7,20,637,623
Q185,1900,190,10,19,644,624
Q187,3040,152,8,19,654,624
Q189,570,38,2,19,662,624
Q191,1900,95,5,19,664,624
Q193,400,20,1,20,669,623
Q195,3060,153,9,17,670,626
Q197,1200,120,6,20,679,623
Q199,2850,190,10,19,685,624
Q201,5200,260,13,20,695,623
Q203,170,17,1,17,708,626
Q205,400,20,1,20,709,623
Q207,2700,270,15,18,710,625
Q209,4275,285,15,19,725,624
Q211,3400,170,10,17,740,626
R1,1800,120,6,20,0,648
R3,2310,231,11,21,6,648
R5,2300,230,10,23,17,648
R7,440,22,1,22,27,648
R9,1330,133,7,19,28,648
R11,0,0,0,20,35,648
R13,2700,270,15,18,35,648
R15,2625,105,5,21,50,648
R17,1200,120,6,20,55,648
R19,550,22,1,22,61,648
R21,380,19,1,19,62,648
R23,3300,220,11,20,63,648
R25,1840,184,8,23,74,648
R27,4050,162,9,18,82,648
R29,180,18,1,18,91,648
R31,3960,198,9,22,92,648
R33,4050,270,15,18,101,648
R35,1500,100,5,20,116,648
R37,1050,105,5,21,121,648
R39,3520,176,8,22,126,648
R41,4200,280,14,20,134,648
R43,1575,105,5,21,148,648
R45,2415,161,7,23,153,648
R47,1680,168,8,21,160,648
R49,2880,144,8,18,168,648
R51,4275,285,15,19,176,648
R53,1380,138,6,23,191,648
R55,2300,115,5,23,197,648
R57,4950,330,15,22,202,648
R59,525,21,1,21,217,648
R61,1540,154,7,22,218,648
R63,1320,132,6,22,225,648
R65,7875,315,15,21,231,648
R67,4275,285,15,19,246,648
R69,920,46,2,23,261,648
R71,2375,95,5,19,263,648
R73,3420,228,12,19,268,648
R75,3520,176,8,22,280,648
R77,2100,84,4,21,288,648
R79,3520,176,8,22,292,648
R81,0,0,0,18,300,648
R83,5700,285,15,19,300,648
R85,3520,176,8,22,315,648
R87,5040,252,12,21,323,648
R89,270,18,1,18,335,648
R91,1680,84,4,21,336,648
R93,360,36,2,18,340,648
R95,3150,126,6,21,342,648
R97,5500,220,10,22,348,648
R99,5600,280,14,20,358,648
R101,2300,115,5,23,372,648
R103,5225,209,11,19,377,648
R105,1150,46,2,23,388,648
R107,1710,114,6,19,390,648
R109,1710,114,6,19,396,648
R111,1520,152,8,19,402,648
R113,1995,133,7,19,410,648
R115,2640,132,6,22,417,648
R117,0,0,0,22,423,648
R119,4750,190,10,19,423,648
R121,2430,162,9,18,433,648
R123,5880,294,14,21,442,648
R125,1440,144,8,18,456,648
R127,2310,154,7,22,464,648
R129,6300,252,12,21,471,648
R131,2520,252,14,18,483,648
R133,2760,138,6,23,497,648
R135,1610,161,7,23,503,648
R137,440,22,1,22,510,648
R139,1050,42,2,21,511,648
R141,4620,308,14,22,513,648
R143,1650,66,3,22,527,648
R145,575,23,1,23,530,648
R147,5250,210,10,21,531,648
R149,600,60,3,20,541,648
R151,4000,160,8,20,544,648
R153,880,44,2,22,552,648
R155,1725,115,5,23,554,648
R157,2850,285,15,19,559,648
R159,2730,273,13,21,574,648
R161,1600,160,8,20,587,648
R163,2990,299,13,23,595,648
R165,5175,207,9,23,608,648
R167,1350,90,5,18,617,648
R169,920,46,2,23,622,648
R171,1050,42,2,21,624,648
R173,900,60,3,20,626,648
R175,0,0,0,19,629,648
R177,5750,230,10,23,629,648
R179,3000,120,6,20,639,648
R181,1800,72,4,18,645,648
R183,3450,345,15,23,649,648
R185,4620,231,11,21,664,648
R187,2000,200,10,20,675,648
R189,4200,210,10,21,685,648
R191,720,72,4,18,695,648
R193,5500,220,10,22,699,648
R195,2300,92,4,23,709,648
R197,3150,126,6,21,713,648
R199,2700,270,15,18,719,648
R201,880,88,4,22,734,648
R203,2375,95,5,19,738,648
R205,1260,63,3,21,743,648
R207,200,20,1,20,746,648
R209,855,57,3,19,747,648
S1,5115,341,11,31,0,688
S3,2800,280,10,28,11,691
S5,1350,90,3,30,21,689
S7,3000,150,5,30,24,689
S9,3750,150,5,30,29,689
S11,0,0,0,28,34,691
S13,2790,186,6,31,34,688
S15,4160,416,13,32,40,687
S17,2170,217,7,31,53,688
S19,10400,416,13,32,60,687
S21,9000,450,15,30,73,689
S23,3900,390,13,30,88,689
S25,3875,155,5,31,101,688
S27,420,28,1,28,106,691
S29,4350,435,15,29,107,690
S31,1440,96,3,32,122,687
S33,450,30,1,30,125,689
S35,7700,308,11,28,126,691
S37,1500,60,2,30,137,689
S39,1600,160,5,32,139,687
S41,8250,330,10,33,144,686
S43,6300,420,14,30,154,689
S45,10500,420,15,28,168,691
S47,0,0,0,28,183,691
S49,4950,330,10,33,183,686
S51,1280,64,2,32,193,687
S53,580,58,2,29,195,690
S55,5445,363,11,33,197,686
S57,7500,300,10,30,208,689
S59,7425,495,15,33,218,686
S61,0,0,0,33,233,686
S63,7280,364,13,28,233,691
S65,3600,360,12,30,246,689
S67,2900,290,10,29,258,690
S69,4650,465,15,31,268,688
S71,3360,224,7,32,283,687
S73,3410,341,11,31,290,688
S75,3600,240,8,30,301,689
S77,5120,256,8,32,309,687
S79,6720,448,14,32,317,687
S81,4650,310,10,31,331,688
S83,1450,58,2,29,341,690
S85,3480,348,12,29,343,690
S87,1650,165,5,33,355,686
S89,4500,450,15,30,360,689
S91,5600,224,7,32,375,687
S93,10875,435,15,29,382,690
S95,6960,348,12,29,397,690
S97,4480,448,14,32,409,687
S99,4950,495,15,33,423,686
S101,0,0,0,30,438,689
S103,6160,308,11,28,438,691
S105,5800,232,8,29,449,690
S107,1160,58,2,29,457,690
S109,1920,192,6,32,459,687
S111,5760,288,9,32,465,687
S113,4800,480,15,32,474,687
S115,1440,96,3,32,489,687
S117,2560,128,4,32,492,687
S119,3780,252,9,28,496,691
S121,4340,434,14,31,505,688
S123,2100,140,5,28,519,691
S125,6300,252,9,28,524,691
S127,5655,377,13,29,533,690
S129,1600,160,5,32,546,687
S131,580,29,1,29,551,690
S133,0,0,0,32,552,687
S135,5600,224,8,28,552,691
S137,4800,480,15,32,560,687
S139,7000,280,10,28,575,691
S141,1400,140,5,28,585,691
S143,0,0,0,29,590,690
S145,4455,297,9,33,590,686
S147,8400,420,14,30,599,689
S149,6200,310,10,31,613,688
S151,7000,280,10,28,623,691
S153,3600,240,8,30,633,689
S155,3750,150,5,30,641,689
S157,3300,330,11,30,646,689
S159,1320,132,4,33,657,686
S161,10400,416,13,32,661,687
S163,7920,396,12,33,674,686
S165,1440,96,3,32,686,687
S167,5775,231,7,33,689,686
S169,4350,290,10,29,696,690
S171,11550,462,14,33,706,686
S173,2700,180,6,30,720,689
S175,5220,261,9,29,726,690
S177,7000,280,10,28,735,691
S179,2100,140,5,28,745,691
T1,2250,90,5,18,0,724
T3,1700,170,10,17,5,724
T5,760,76,4,19,15,724
T7,4000,160,10,16,19,724
T9,2000,100,5,20,29,724
T11,4875,195,13,15,34,724
T13,7500,300,15,20,47,724
T15,480,48,3,16,62,724
T17,1200,80,5,16,65,724
T19,425,17,1,17,70,724
T21,1080,54,3,18,71,724
T23,2550,170,10,17,74,724
T25,3400,136,8,17,84,724
T27,850,34,2,17,92,724
T29,2380,119,7,17,94,724
T31,1920,96,6,16,101,724
T33,7000,280,14,20,107,724
T35,2400,240,15,16,121,724
T37,2925,195,13,15,136,724
T39,2400,160,8,20,149,724
T41,2040,102,6,17,157,724
T43,800,80,5,16,163,724
T45,1650,165,11,15,168,724
T47,4000,200,10,20,179,724
T49,3600,180,12,15,189,724
T51,2100,210,14,15,201,724
T53,4750,190,10,19,215,724
T55,2700,108,6,18,225,724
T57,960,48,3,16,231,724
T59,1280,128,8,16,234,724
T61,0,0,0,19,242,724
T63,375,15,1,15,242,724
T65,3825,255,15,17,243,724
T67,1080,108,6,18,258,724
T69,7125,285,15,19,264,724
T71,850,34,2,17,279,724
T73,3300,165,11,15,281,724
T75,3420,171,9,19,292,724
T77,300,30,2,15,301,724
T79,5625,225,15,15,303,724
T81,1920,192,12,16,318,724
T83,850,34,2,17,330,724
T85,3360,224,14,16,332,724
T87,3400,170,10,17,346,724
T89,3325,133,7,19,356,724
T91,2000,80,4,20,363,724
T93,0,0,0,17,367,724
T95,1350,135,9,15,367,724
T97,2375,95,5,19,376,724
T99,1275,85,5,17,381,724
T101,1350,90,6,15,386,724
T103,2975,119,7,17,392,724
T105,2100,210,14,15,399,724
T107,4200,210,14,15,413,724
T109,1000,40,2,20,427,724
T111,2800,280,14,20,429,724
T113,3000,300,15,20,443,724
T115,3400,170,10,17,458,724
T117,4050,162,9,18,468,724
T119,240,16,1,16,477,724
T121,1785,119,7,17,478,724
T123,2720,136,8,17,485,724
T125,4420,221,13,17,493,724
T127,3500,140,7,20,506,724
T129,3570,238,14,17,513,724
T131,3325,133,7,19,527,724
T133,0,0,0,20,534,724
T135,2660,133,7,19,534,724
T137,5225,209,11,19,541,724
T139,1800,90,5,18,552,724
T141,0,0,0,18,557,724
T143,2850,114,6,19,557,724
T145,1920,128,8,16,563,724
T147,2240,112,7,16,571,724
T149,2720,136,8,17,578,724
T151,800,80,5,16,586,724
T153,0,0,0,17,591,724
T155,4080,204,12,17,591,724
T157,3000,200,10,20,603,724
T159,1870,187,11,17,613,724
T161,480,48,3,16,624,724
T163,0,0,0,15,627,724
T165,1020,68,4,17,627,724
T167,1710,114,6,19,631,724
T169,4320,216,12,18,637,724
T171,1350,90,5,18,649,724
T173,1000,40,2,20,654,724
T175,1050,105,7,15,656,724
T177,6300,252,14,18,663,724
T179,900,60,3,20,677,724
T181,1440,72,4,18,680,724
T183,1000,40,2,20,684,724
T185,1900,95,5,19,686,724
T187,4500,300,15,20,691,724
T189,675,45,3,15,706,724
T191,5320,266,14,19,709,724
T193,1600,160,10,16,723,724
T195,4400,176,11,16,733,724
T197,570,57,3,19,744,724
T199,900,60,3,20,747,724
